Name,City,Raiting,Coordinates,Geometry
Starbucks,Cambridge,4.0,"[0.122821067454066, 52.2051897757518]","{'Type': 'Point', 'coordinates': [0.122821067454066, 52.2051897757518]}"
Starbucks,Cambridge,4.0,"[0.122440343643836, 52.2035561199999]","{'Type': 'Point', 'coordinates': [0.122440343643836, 52.2035561199999]}"
Starbucks,Cambridge,3.5,"[0.144962586440101, 52.2094284051851]","{'Type': 'Point', 'coordinates': [0.144962586440101, 52.2094284051851]}"
