Name,City,Raiting,Coordinates,Geometry
Starbucks,Fredericton,4.5,"[-66.6471862792969, 45.9578329537186]","{'Type': 'Point', 'coordinates': [-66.6471862792969, 45.9578329537186]}"
Starbucks,Fredericton,4.0,"[-66.6677968366986, 45.9407801509933]","{'Type': 'Point', 'coordinates': [-66.6677968366986, 45.9407801509933]}"
